track_name,TCGA-A8-A097,TCGA-AR-A256,TCGA-A7-A2KD,TCGA-E2-A9RU,TCGA-AO-A1KS,TCGA-A8-A06R,TCGA-GI-A2C8,TCGA-AC-A3W5,TCGA-B6-A0RT,TCGA-A8-A08G,TCGA-A2-A0CU,TCGA-B6-A0WX,TCGA-E9-A226,TCGA-A8-A06U,TCGA-A8-A08P,TCGA-AO-A124,TCGA-AO-A0J6,TCGA-OL-A5RW,TCGA-A8-A07B,TCGA-BH-A202,TCGA-AR-A24K,TCGA-AR-A5QQ,TCGA-A2-A0CW
PTEN;KILLIN (cg01228636),0.0612566965447235,0.0714313486963572,0.0553534964210837,0.10154996041128,0.0559678565476128,0.0441979712540868,0.0651209766302592,0.0712245100632549,0.0654106385188652,0.0600825294980336,0.0627988171781156,0.0514900785649643,0.0951528716052061,0.0560349221050725,0.0553095356660495,0.0362102041132485,0.0566272592897171,0.054103022106301,0.0583094441543253,0.0598365926167312,0.0924477805102978,0.0520812402676864,0.0745075062430663
CDH13 (cg08747377),0.124082152755133,0.399258016366494,0.0662902480392932,0.785477151613542,0.0572453055294741,0.137665424696342,0.511272534562393,0.419823737084637,0.292978685854712,0.116815350361432,0.11538285540772,0.369816474339141,0.165889244741358,0.128513347377051,0.18017858516042,0.0408503346792023,0.295118096400354,0.040707328369699,0.139985357283458,0.536347848546475,0.328731480601436,0.420183106812791,0.346474043528412
